{
  "parent": "minecraft:recipes/root",
  "rewards": {
    "recipes": [
      "crafteable_light:light_from_light"
    ]
  },
  "criteria": {
    "has_glow_ink_sac": {
      "trigger": "minecraft:inventory_changed",
      "conditions": {
        "items": [
          {
            "item": "minecraft:light"
          }
        ]
      }
    },
    "has_the_recipe_light": {
      "trigger": "minecraft:recipe_unlocked",
      "conditions": {
        "recipe": "crafteable_light:light"
      }
    },
    "has_the_recipe_light_from_light": {
      "trigger": "minecraft:recipe_unlocked",
      "conditions": {
        "recipe": "crafteable_light:light_from_light"
      }
    }
  },
  "requirements": [
    [
      "has_glow_ink_sac",
      "has_the_recipe_light",
      "has_the_recipe_light_from_light"
    ]
  ]
}